Month,Average Rating
jan,3.964346124
feb,3.963834023
mar,3.964212799
apr,3.964578597
may,3.96438593
jun,3.964408581
jul,3.963838424
aug,3.964493349
sep,3.964304519
oct,3.963978832
nov,3.964044479
dec,3.963801653
overall,3.964420106
